hook	3.249433	Here's how to make someone a song about them. In four easy steps.
home	3.304921	First, hear a real sample, so you know exactly what you're getting.
s1	3.928730	Step one. Who's it for? Add their name, and how to say it.
s2	5.304807	Step two. Share the story. The habits, the inside jokes, the things only you know.
s3	3.669433	Step three. Pick the sound. No music skills needed.
s4	5.094263	Step four. Choose how to give it. The song is the gift. Extras are optional.
review	2.403469	Check every name and detail, then check out.
progress	1.937460	Follow along in My Songs while it's made.
final	2.261973	Then share the private link, and let them hear it.
end	2.362313	Wishly. A song made just for them.
